{data:{id: 'Valyrian', lbl :'Valyrian'}},
{data:{id: 'RhaegarTargaryen', lbl :'Rhaegar Targaryen'}},
{data:{id: 'DaenerysTargaryen', lbl :'Daenerys Targaryen'}},
{data:{id: 'JonSnow', lbl :'Jon Snow'}},
{data:{id: 'RobertBaratheon', lbl :'Robert Baratheon'}},
{data:{id: 'HouseTargaryen', lbl :'House Targaryen'}},
{data:{id: 'EddardStark', lbl :'Eddard Stark'}},
{data:{id: 'RobbStark', lbl :'Robb Stark'}},
{data:{id: 'SansaStark', lbl :'Sansa Stark'}},
{data:{id: 'BranStark', lbl :'Bran Stark'}},
{data:{id: 'TyrionLannister', lbl :'Tyrion Lannister'}},
{data:{id: 'RamsayBolton', lbl :'Ramsay Bolton'}},
{data:{id: 'PetyrBaelish', lbl :'Petyr Baelish'}},
{data:{id: 'Northmen', lbl :'Northmen'}},
{data:{id: 'HouseStark', lbl :'House Stark'}},
{data:{id: 'OldGodsoftheForest', lbl :'Old Gods of the Forest'}},
{data:{id: 'FaithoftheSeven', lbl :'Faith of the Seven'}},
{data:{id: 'Many-FacedGod', lbl :'Many-Faced God'}},
{data:{id: 'HouseTarth', lbl :'House Tarth'}},
{data:{id: 'AryaStark', lbl :'Arya Stark'}},
{data:{id: 'HouseLannister', lbl :'House Lannister'}},
{data:{id: 'OberynMartell', lbl :'Oberyn Martell'}},
{data:{id: 'SandorClegane', lbl :'Sandor Clegane'}},
{data:{id: 'AerysIITargaryen', lbl :'Aerys II Targaryen'}},
{data:{id: 'Ygritte', lbl :'Ygritte'}},
{data:{id: 'MargaeryTyrell', lbl :'Margaery Tyrell'}},
{data:{id: 'LyannaMormont', lbl :'Lyanna Mormont'}},
{data:{id: 'Varys', lbl :'Varys'}},
{data:{id: 'HouseMormont', lbl :'House Mormont'}},
{data:{id: 'JorahMormont', lbl :'Jorah Mormont'}},
{data:{id: 'HouseTyrell', lbl :'House Tyrell'}},
{data:{id: 'StannisBaratheon', lbl :'Stannis Baratheon'}},
{data:{id: 'JoffreyBaratheon', lbl :'Joffrey Baratheon'}},
{data:{id: 'TommenBaratheon', lbl :'Tommen Baratheon'}},
{data:{id: 'CerseiLannister', lbl :'Cersei Lannister'}},
{data:{id: 'TywinLannister', lbl :'Tywin Lannister'}},
{data:{id: 'theLordofLight', lbl :'the Lord of Light'}},
{data:{id: 'GregorClegane', lbl :'Gregor Clegane'}},
{data:{id: 'BalonGreyjoy', lbl :'Balon Greyjoy'}},
{data:{id: 'FreeFolk', lbl :'Free Folk'}},
{data:{id: 'AerysIITargaryen', lbl :'Aerys II Targaryen'}},
{data:{id: 'AryaStark', lbl :'Arya Stark'}},
{data:{id: 'BrienneofTarth', lbl :'Brienne of Tarth'}},
{data:{id: 'Bronn', lbl :'Bronn'}},
{data:{id: 'DaarioNaharis', lbl :'Daario Naharis'}},
{data:{id: 'DaenerysTargaryen', lbl :'Daenerys Targaryen'}},
{data:{id: 'DavosSeaworth', lbl :'Davos Seaworth'}},
{data:{id: 'EddardStark', lbl :'Eddard Stark'}},
{data:{id: 'GregorClegane', lbl :'Gregor Clegane'}},
{data:{id: 'Hodor', lbl :'Hodor'}},
{data:{id: 'JonSnow', lbl :'Jon Snow'}},
{data:{id: 'JorahMormont', lbl :'Jorah Mormont'}},
{data:{id: 'LyannaMormont', lbl :'Lyanna Mormont'}},
{data:{id: 'MargaeryTyrell', lbl :'Margaery Tyrell'}},
{data:{id: 'Melisandre', lbl :'Melisandre'}},
{data:{id: 'OberynMartell', lbl :'Oberyn Martell'}},
{data:{id: 'PetyrBaelish', lbl :'Petyr Baelish'}},
{data:{id: 'RamsayBolton', lbl :'Ramsay Bolton'}},
{data:{id: 'RhaegarTargaryen', lbl :'Rhaegar Targaryen'}},
{data:{id: 'RobbStark', lbl :'Robb Stark'}},
{data:{id: 'SandorClegane', lbl :'Sandor Clegane'}},
{data:{id: 'SansaStark', lbl :'Sansa Stark'}},
{data:{id: 'TheonGreyjoy', lbl :'Theon Greyjoy'}},
{data:{id: 'TyrionLannister', lbl :'Tyrion Lannister'}},
{data:{id: 'TywinLannister', lbl :'Tywin Lannister'}},
{data:{id: 'Varys', lbl :'Varys'}},
{data:{id: 'Ygritte', lbl :'Ygritte'}},
